move_id,phase,state_step,candidate_id,receiver,role,primitive,level,accepted,accepted_cumulative,flight_step_m,flight_cumulative_m
1,stage_i,1,0,5,probe,F,3,0,0,0.625,0.625
2,stage_i,1,0,5,probe_inverse,B,3,0,0,0.625,1.25
3,stage_i,1,1,5,probe,B,3,0,0,0.625,1.875
4,stage_i,1,1,5,probe_inverse,F,3,0,0,0.625,2.5
5,stage_i,1,2,5,probe,L,3,0,0,0.625,3.125
6,stage_i,1,2,5,probe_inverse,R,3,0,0,0.625,3.75
7,stage_i,1,3,5,probe,R,3,0,0,0.625,4.375
8,stage_i,1,3,5,probe_inverse,L,3,0,0,0.625,5.0
9,stage_i,1,-1,5,commit,F,3,1,1,0.625,5.625
10,stage_i,2,0,8,probe,F,3,0,1,0.625,6.25
11,stage_i,2,0,8,probe_inverse,B,3,0,1,0.625,6.875
12,stage_i,2,1,8,probe,B,3,0,1,0.625,7.5
13,stage_i,2,1,8,probe_inverse,F,3,0,1,0.625,8.125
14,stage_i,2,2,8,probe,L,3,0,1,0.625,8.75
15,stage_i,2,2,8,probe_inverse,R,3,0,1,0.625,9.375
16,stage_i,2,3,8,probe,R,3,0,1,0.625,10.0
17,stage_i,2,3,8,probe_inverse,L,3,0,1,0.625,10.625
18,stage_i,2,0,5,probe,F,3,0,1,0.625,11.25
19,stage_i,2,0,5,probe_inverse,B,3,0,1,0.625,11.875
20,stage_i,2,1,5,probe,B,3,0,1,0.625,12.5
21,stage_i,2,1,5,probe_inverse,F,3,0,1,0.625,13.125
22,stage_i,2,2,5,probe,L,3,0,1,0.625,13.75
23,stage_i,2,2,5,probe_inverse,R,3,0,1,0.625,14.375
24,stage_i,2,3,5,probe,R,3,0,1,0.625,15.0
25,stage_i,2,3,5,probe_inverse,L,3,0,1,0.625,15.625
26,stage_i,2,0,8,probe,F,4,0,1,0.3125,15.9375
27,stage_i,2,0,8,probe_inverse,B,4,0,1,0.3125,16.25
28,stage_i,2,1,8,probe,B,4,0,1,0.3125,16.5625
29,stage_i,2,1,8,probe_inverse,F,4,0,1,0.3125,16.875
30,stage_i,2,2,8,probe,L,4,0,1,0.3125,17.1875
31,stage_i,2,2,8,probe_inverse,R,4,0,1,0.3125,17.5
32,stage_i,2,3,8,probe,R,4,0,1,0.3125,17.8125
33,stage_i,2,3,8,probe_inverse,L,4,0,1,0.3125,18.125
34,stage_i,2,0,5,probe,F,4,0,1,0.31249999999999994,18.4375
35,stage_i,2,0,5,probe_inverse,B,4,0,1,0.31249999999999994,18.75
36,stage_i,2,1,5,probe,B,4,0,1,0.31249999999999994,19.0625
37,stage_i,2,1,5,probe_inverse,F,4,0,1,0.31249999999999994,19.375
38,stage_i,2,2,5,probe,L,4,0,1,0.31249999999999994,19.6875
39,stage_i,2,2,5,probe_inverse,R,4,0,1,0.31249999999999994,20.0
40,stage_i,2,3,5,probe,R,4,0,1,0.31249999999999994,20.3125
41,stage_i,2,3,5,probe_inverse,L,4,0,1,0.31249999999999994,20.625
42,stage_i,2,0,8,probe,F,5,0,1,0.15625,20.78125
43,stage_i,2,0,8,probe_inverse,B,5,0,1,0.15625,20.9375
44,stage_i,2,1,8,probe,B,5,0,1,0.15625,21.09375
45,stage_i,2,1,8,probe_inverse,F,5,0,1,0.15625,21.25
46,stage_i,2,2,8,probe,L,5,0,1,0.15625,21.40625
47,stage_i,2,2,8,probe_inverse,R,5,0,1,0.15625,21.5625
48,stage_i,2,3,8,probe,R,5,0,1,0.15625,21.71875
49,stage_i,2,3,8,probe_inverse,L,5,0,1,0.15625,21.875
50,stage_i,2,-1,8,commit,F,5,1,2,0.15625,22.03125
51,stage_i,3,0,5,probe,F,5,0,2,0.15624999999999997,22.1875
52,stage_i,3,0,5,probe_inverse,B,5,0,2,0.15624999999999997,22.34375
53,stage_i,3,1,5,probe,B,5,0,2,0.15624999999999997,22.5
54,stage_i,3,1,5,probe_inverse,F,5,0,2,0.15624999999999997,22.65625
55,stage_i,3,2,5,probe,L,5,0,2,0.15624999999999997,22.8125
56,stage_i,3,2,5,probe_inverse,R,5,0,2,0.15624999999999997,22.96875
57,stage_i,3,3,5,probe,R,5,0,2,0.15624999999999997,23.125
58,stage_i,3,3,5,probe_inverse,L,5,0,2,0.15624999999999997,23.28125
59,stage_i,3,-1,5,commit,B,5,1,3,0.15624999999999997,23.4375
60,stage_i,4,0,8,probe,F,5,0,3,0.15625,23.59375
61,stage_i,4,0,8,probe_inverse,B,5,0,3,0.15625,23.75
62,stage_i,4,1,8,probe,B,5,0,3,0.15625,23.90625
63,stage_i,4,1,8,probe_inverse,F,5,0,3,0.15625,24.0625
64,stage_i,4,2,8,probe,L,5,0,3,0.15625,24.21875
65,stage_i,4,2,8,probe_inverse,R,5,0,3,0.15625,24.375
66,stage_i,4,3,8,probe,R,5,0,3,0.15625,24.53125
67,stage_i,4,3,8,probe_inverse,L,5,0,3,0.15625,24.6875
68,stage_i,4,-1,8,commit,B,5,1,4,0.15625,24.84375
69,stage_ii,6,0,1,probe,F,0,0,4,5.0,29.84375
70,stage_ii,6,0,1,probe_inverse,B,0,0,4,5.0,34.84375
71,stage_ii,6,1,1,probe,B,0,0,4,5.0,39.84375
72,stage_ii,6,1,1,probe_inverse,F,0,0,4,5.0,44.84375
73,stage_ii,6,2,1,probe,L,0,0,4,5.0,49.84375
74,stage_ii,6,2,1,probe_inverse,R,0,0,4,5.0,54.84375
75,stage_ii,6,3,1,probe,R,0,0,4,5.0,59.84375
76,stage_ii,6,3,1,probe_inverse,L,0,0,4,5.0,64.84375
77,stage_ii,6,0,3,probe,F,0,0,4,5.000000000000001,69.84375
78,stage_ii,6,0,3,probe_inverse,B,0,0,4,5.000000000000001,74.84375
79,stage_ii,6,1,3,probe,B,0,0,4,5.000000000000001,79.84375
80,stage_ii,6,1,3,probe_inverse,F,0,0,4,5.000000000000001,84.84375
81,stage_ii,6,2,3,probe,L,0,0,4,5.000000000000001,89.84375
82,stage_ii,6,2,3,probe_inverse,R,0,0,4,5.000000000000001,94.84375
83,stage_ii,6,3,3,probe,R,0,0,4,5.000000000000001,99.84375
84,stage_ii,6,3,3,probe_inverse,L,0,0,4,5.000000000000001,104.84375
85,stage_ii,6,0,4,probe,F,0,0,4,5.0,109.84375
86,stage_ii,6,0,4,probe_inverse,B,0,0,4,5.0,114.84375
87,stage_ii,6,1,4,probe,B,0,0,4,5.0,119.84375
88,stage_ii,6,1,4,probe_inverse,F,0,0,4,5.0,124.84375
89,stage_ii,6,2,4,probe,L,0,0,4,5.0,129.84375
90,stage_ii,6,2,4,probe_inverse,R,0,0,4,5.0,134.84375
91,stage_ii,6,3,4,probe,R,0,0,4,5.0,139.84375
92,stage_ii,6,3,4,probe_inverse,L,0,0,4,5.0,144.84375
93,stage_ii,6,0,6,probe,F,0,0,4,5.0,149.84375
94,stage_ii,6,0,6,probe_inverse,B,0,0,4,5.0,154.84375
95,stage_ii,6,1,6,probe,B,0,0,4,5.0,159.84375
96,stage_ii,6,1,6,probe_inverse,F,0,0,4,5.0,164.84375
97,stage_ii,6,2,6,probe,L,0,0,4,5.0,169.84375
98,stage_ii,6,2,6,probe_inverse,R,0,0,4,5.0,174.84375
99,stage_ii,6,3,6,probe,R,0,0,4,5.0,179.84375
100,stage_ii,6,3,6,probe_inverse,L,0,0,4,5.0,184.84375
101,stage_ii,6,0,7,probe,F,0,0,4,5.0,189.84375
102,stage_ii,6,0,7,probe_inverse,B,0,0,4,5.0,194.84375
103,stage_ii,6,1,7,probe,B,0,0,4,5.0,199.84375
104,stage_ii,6,1,7,probe_inverse,F,0,0,4,5.0,204.84375
105,stage_ii,6,2,7,probe,L,0,0,4,5.0,209.84375
106,stage_ii,6,2,7,probe_inverse,R,0,0,4,5.0,214.84375
107,stage_ii,6,3,7,probe,R,0,0,4,5.0,219.84375
108,stage_ii,6,3,7,probe_inverse,L,0,0,4,5.0,224.84375
109,stage_ii,6,0,9,probe,F,0,0,4,5.0,229.84375
110,stage_ii,6,0,9,probe_inverse,B,0,0,4,5.0,234.84375
111,stage_ii,6,1,9,probe,B,0,0,4,5.0,239.84375
112,stage_ii,6,1,9,probe_inverse,F,0,0,4,5.0,244.84375
113,stage_ii,6,2,9,probe,L,0,0,4,5.0,249.84375
114,stage_ii,6,2,9,probe_inverse,R,0,0,4,5.0,254.84375
115,stage_ii,6,3,9,probe,R,0,0,4,5.0,259.84375
116,stage_ii,6,3,9,probe_inverse,L,0,0,4,5.0,264.84375
117,stage_ii,6,-1,1,commit,L,0,1,5,5.0,269.84375
118,stage_ii,6,-1,3,commit,L,0,1,6,5.000000000000001,274.84375
119,stage_ii,6,-1,4,commit,L,0,1,7,5.0,279.84375
120,stage_ii,6,-1,6,commit,L,0,1,8,5.0,284.84375
121,stage_ii,6,-1,7,commit,L,0,1,9,5.0,289.84375
122,stage_ii,6,-1,9,commit,B,0,1,10,5.0,294.84375
123,stage_ii,7,0,1,probe,F,0,0,10,5.0,299.84375
124,stage_ii,7,0,1,probe_inverse,B,0,0,10,5.0,304.84375
125,stage_ii,7,1,1,probe,B,0,0,10,5.0,309.84375
126,stage_ii,7,1,1,probe_inverse,F,0,0,10,5.0,314.84375
127,stage_ii,7,2,1,probe,L,0,0,10,5.0,319.84375
128,stage_ii,7,2,1,probe_inverse,R,0,0,10,5.0,324.84375
129,stage_ii,7,3,1,probe,R,0,0,10,5.0,329.84375
130,stage_ii,7,3,1,probe_inverse,L,0,0,10,5.0,334.84375
131,stage_ii,7,0,3,probe,F,0,0,10,5.000000000000001,339.84375
132,stage_ii,7,0,3,probe_inverse,B,0,0,10,5.000000000000001,344.84375
133,stage_ii,7,1,3,probe,B,0,0,10,5.000000000000001,349.84375
134,stage_ii,7,1,3,probe_inverse,F,0,0,10,5.000000000000001,354.84375
135,stage_ii,7,2,3,probe,L,0,0,10,5.000000000000001,359.84375
136,stage_ii,7,2,3,probe_inverse,R,0,0,10,5.000000000000001,364.84375
137,stage_ii,7,3,3,probe,R,0,0,10,5.000000000000001,369.84375
138,stage_ii,7,3,3,probe_inverse,L,0,0,10,5.000000000000001,374.84375
139,stage_ii,7,0,4,probe,F,0,0,10,5.0,379.84375
140,stage_ii,7,0,4,probe_inverse,B,0,0,10,5.0,384.84375
141,stage_ii,7,1,4,probe,B,0,0,10,5.0,389.84375
142,stage_ii,7,1,4,probe_inverse,F,0,0,10,5.0,394.84375
143,stage_ii,7,2,4,probe,L,0,0,10,5.0,399.84375
144,stage_ii,7,2,4,probe_inverse,R,0,0,10,5.0,404.84375
145,stage_ii,7,3,4,probe,R,0,0,10,5.0,409.84375
146,stage_ii,7,3,4,probe_inverse,L,0,0,10,5.0,414.84375
147,stage_ii,7,0,6,probe,F,0,0,10,5.0,419.84375
148,stage_ii,7,0,6,probe_inverse,B,0,0,10,5.0,424.84375
149,stage_ii,7,1,6,probe,B,0,0,10,5.0,429.84375
150,stage_ii,7,1,6,probe_inverse,F,0,0,10,5.0,434.84375
151,stage_ii,7,2,6,probe,L,0,0,10,5.0,439.84375
152,stage_ii,7,2,6,probe_inverse,R,0,0,10,5.0,444.84375
153,stage_ii,7,3,6,probe,R,0,0,10,5.0,449.84375
154,stage_ii,7,3,6,probe_inverse,L,0,0,10,5.0,454.84375
155,stage_ii,7,0,7,probe,F,0,0,10,5.0,459.84375
156,stage_ii,7,0,7,probe_inverse,B,0,0,10,5.0,464.84375
157,stage_ii,7,1,7,probe,B,0,0,10,5.0,469.84375
158,stage_ii,7,1,7,probe_inverse,F,0,0,10,5.0,474.84375
159,stage_ii,7,2,7,probe,L,0,0,10,5.0,479.84375
160,stage_ii,7,2,7,probe_inverse,R,0,0,10,5.0,484.84375
161,stage_ii,7,3,7,probe,R,0,0,10,5.0,489.84375
162,stage_ii,7,3,7,probe_inverse,L,0,0,10,5.0,494.84375
163,stage_ii,7,0,9,probe,F,0,0,10,5.0,499.84375
164,stage_ii,7,0,9,probe_inverse,B,0,0,10,5.0,504.84375
165,stage_ii,7,1,9,probe,B,0,0,10,5.0,509.84375
166,stage_ii,7,1,9,probe_inverse,F,0,0,10,5.0,514.84375
167,stage_ii,7,2,9,probe,L,0,0,10,5.0,519.84375
168,stage_ii,7,2,9,probe_inverse,R,0,0,10,5.0,524.84375
169,stage_ii,7,3,9,probe,R,0,0,10,5.0,529.84375
170,stage_ii,7,3,9,probe_inverse,L,0,0,10,5.0,534.84375
171,stage_ii,7,-1,3,commit,L,0,1,11,5.000000000000001,539.84375
172,stage_ii,7,-1,4,commit,F,0,1,12,5.0,544.84375
173,stage_ii,7,-1,6,commit,L,0,1,13,5.0,549.84375
174,stage_ii,7,-1,7,commit,B,0,1,14,5.0,554.84375
175,stage_ii,7,-1,9,commit,B,0,1,15,5.0,559.84375
176,stage_ii,8,0,1,probe,F,1,0,15,2.4999999999999996,562.34375
177,stage_ii,8,0,1,probe_inverse,B,1,0,15,2.4999999999999996,564.84375
178,stage_ii,8,1,1,probe,B,1,0,15,2.4999999999999996,567.34375
179,stage_ii,8,1,1,probe_inverse,F,1,0,15,2.4999999999999996,569.84375
180,stage_ii,8,2,1,probe,L,1,0,15,2.4999999999999996,572.34375
181,stage_ii,8,2,1,probe_inverse,R,1,0,15,2.4999999999999996,574.84375
182,stage_ii,8,3,1,probe,R,1,0,15,2.4999999999999996,577.34375
183,stage_ii,8,3,1,probe_inverse,L,1,0,15,2.4999999999999996,579.84375
184,stage_ii,8,0,3,probe,F,0,0,15,5.000000000000001,584.84375
185,stage_ii,8,0,3,probe_inverse,B,0,0,15,5.000000000000001,589.84375
186,stage_ii,8,1,3,probe,B,0,0,15,5.000000000000001,594.84375
187,stage_ii,8,1,3,probe_inverse,F,0,0,15,5.000000000000001,599.84375
188,stage_ii,8,2,3,probe,L,0,0,15,5.000000000000001,604.84375
189,stage_ii,8,2,3,probe_inverse,R,0,0,15,5.000000000000001,609.84375
190,stage_ii,8,3,3,probe,R,0,0,15,5.000000000000001,614.84375
191,stage_ii,8,3,3,probe_inverse,L,0,0,15,5.000000000000001,619.84375
192,stage_ii,8,0,4,probe,F,0,0,15,5.0,624.84375
193,stage_ii,8,0,4,probe_inverse,B,0,0,15,5.0,629.84375
194,stage_ii,8,1,4,probe,B,0,0,15,5.0,634.84375
195,stage_ii,8,1,4,probe_inverse,F,0,0,15,5.0,639.84375
196,stage_ii,8,2,4,probe,L,0,0,15,5.0,644.84375
197,stage_ii,8,2,4,probe_inverse,R,0,0,15,5.0,649.84375
198,stage_ii,8,3,4,probe,R,0,0,15,5.0,654.84375
199,stage_ii,8,3,4,probe_inverse,L,0,0,15,5.0,659.84375
200,stage_ii,8,0,6,probe,F,0,0,15,5.0,664.84375
201,stage_ii,8,0,6,probe_inverse,B,0,0,15,5.0,669.84375
202,stage_ii,8,1,6,probe,B,0,0,15,5.0,674.84375
203,stage_ii,8,1,6,probe_inverse,F,0,0,15,5.0,679.84375
204,stage_ii,8,2,6,probe,L,0,0,15,5.0,684.84375
205,stage_ii,8,2,6,probe_inverse,R,0,0,15,5.0,689.84375
206,stage_ii,8,3,6,probe,R,0,0,15,5.0,694.84375
207,stage_ii,8,3,6,probe_inverse,L,0,0,15,5.0,699.84375
208,stage_ii,8,0,7,probe,F,0,0,15,5.0,704.84375
209,stage_ii,8,0,7,probe_inverse,B,0,0,15,5.0,709.84375
210,stage_ii,8,1,7,probe,B,0,0,15,5.0,714.84375
211,stage_ii,8,1,7,probe_inverse,F,0,0,15,5.0,719.84375
212,stage_ii,8,2,7,probe,L,0,0,15,5.0,724.84375
213,stage_ii,8,2,7,probe_inverse,R,0,0,15,5.0,729.84375
214,stage_ii,8,3,7,probe,R,0,0,15,5.0,734.84375
215,stage_ii,8,3,7,probe_inverse,L,0,0,15,5.0,739.84375
216,stage_ii,8,0,9,probe,F,0,0,15,5.0,744.84375
217,stage_ii,8,0,9,probe_inverse,B,0,0,15,5.0,749.84375
218,stage_ii,8,1,9,probe,B,0,0,15,5.0,754.84375
219,stage_ii,8,1,9,probe_inverse,F,0,0,15,5.0,759.84375
220,stage_ii,8,2,9,probe,L,0,0,15,5.0,764.84375
221,stage_ii,8,2,9,probe_inverse,R,0,0,15,5.0,769.84375
222,stage_ii,8,3,9,probe,R,0,0,15,5.0,774.84375
223,stage_ii,8,3,9,probe_inverse,L,0,0,15,5.0,779.84375
224,stage_ii,8,-1,1,commit,R,1,1,16,2.4999999999999996,782.34375
225,stage_ii,8,-1,3,commit,L,0,1,17,5.000000000000001,787.34375
226,stage_ii,8,-1,6,commit,L,0,1,18,5.0,792.34375
227,stage_ii,8,-1,9,commit,B,0,1,19,5.0,797.34375
228,stage_ii,9,0,1,probe,F,1,0,19,2.4999999999999996,799.84375
229,stage_ii,9,0,1,probe_inverse,B,1,0,19,2.4999999999999996,802.34375
230,stage_ii,9,1,1,probe,B,1,0,19,2.4999999999999996,804.84375
231,stage_ii,9,1,1,probe_inverse,F,1,0,19,2.4999999999999996,807.34375
232,stage_ii,9,2,1,probe,L,1,0,19,2.4999999999999996,809.84375
233,stage_ii,9,2,1,probe_inverse,R,1,0,19,2.4999999999999996,812.34375
234,stage_ii,9,3,1,probe,R,1,0,19,2.4999999999999996,814.84375
235,stage_ii,9,3,1,probe_inverse,L,1,0,19,2.4999999999999996,817.34375
236,stage_ii,9,0,3,probe,F,0,0,19,5.000000000000001,822.34375
237,stage_ii,9,0,3,probe_inverse,B,0,0,19,5.000000000000001,827.34375
238,stage_ii,9,1,3,probe,B,0,0,19,5.000000000000001,832.34375
239,stage_ii,9,1,3,probe_inverse,F,0,0,19,5.000000000000001,837.34375
240,stage_ii,9,2,3,probe,L,0,0,19,5.000000000000001,842.34375
241,stage_ii,9,2,3,probe_inverse,R,0,0,19,5.000000000000001,847.34375
242,stage_ii,9,3,3,probe,R,0,0,19,5.000000000000001,852.34375
243,stage_ii,9,3,3,probe_inverse,L,0,0,19,5.000000000000001,857.34375
244,stage_ii,9,0,4,probe,F,1,0,19,2.5,859.84375
245,stage_ii,9,0,4,probe_inverse,B,1,0,19,2.5,862.34375
246,stage_ii,9,1,4,probe,B,1,0,19,2.5,864.84375
247,stage_ii,9,1,4,probe_inverse,F,1,0,19,2.5,867.34375
248,stage_ii,9,2,4,probe,L,1,0,19,2.5,869.84375
249,stage_ii,9,2,4,probe_inverse,R,1,0,19,2.5,872.34375
250,stage_ii,9,3,4,probe,R,1,0,19,2.5,874.84375
251,stage_ii,9,3,4,probe_inverse,L,1,0,19,2.5,877.34375
252,stage_ii,9,0,6,probe,F,0,0,19,5.0,882.34375
253,stage_ii,9,0,6,probe_inverse,B,0,0,19,5.0,887.34375
254,stage_ii,9,1,6,probe,B,0,0,19,5.0,892.34375
255,stage_ii,9,1,6,probe_inverse,F,0,0,19,5.0,897.34375
256,stage_ii,9,2,6,probe,L,0,0,19,5.0,902.34375
257,stage_ii,9,2,6,probe_inverse,R,0,0,19,5.0,907.34375
258,stage_ii,9,3,6,probe,R,0,0,19,5.0,912.34375
259,stage_ii,9,3,6,probe_inverse,L,0,0,19,5.0,917.34375
260,stage_ii,9,0,7,probe,F,1,0,19,2.5,919.84375
261,stage_ii,9,0,7,probe_inverse,B,1,0,19,2.5,922.34375
262,stage_ii,9,1,7,probe,B,1,0,19,2.5,924.84375
263,stage_ii,9,1,7,probe_inverse,F,1,0,19,2.5,927.34375
264,stage_ii,9,2,7,probe,L,1,0,19,2.5,929.84375
265,stage_ii,9,2,7,probe_inverse,R,1,0,19,2.5,932.34375
266,stage_ii,9,3,7,probe,R,1,0,19,2.5,934.84375
267,stage_ii,9,3,7,probe_inverse,L,1,0,19,2.5,937.34375
268,stage_ii,9,0,9,probe,F,0,0,19,5.0,942.34375
269,stage_ii,9,0,9,probe_inverse,B,0,0,19,5.0,947.34375
270,stage_ii,9,1,9,probe,B,0,0,19,5.0,952.34375
271,stage_ii,9,1,9,probe_inverse,F,0,0,19,5.0,957.34375
272,stage_ii,9,2,9,probe,L,0,0,19,5.0,962.34375
273,stage_ii,9,2,9,probe_inverse,R,0,0,19,5.0,967.34375
274,stage_ii,9,3,9,probe,R,0,0,19,5.0,972.34375
275,stage_ii,9,3,9,probe_inverse,L,0,0,19,5.0,977.34375
276,stage_ii,9,-1,3,commit,F,0,1,20,5.000000000000001,982.34375
277,stage_ii,10,0,1,probe,F,2,0,20,1.25,983.59375
278,stage_ii,10,0,1,probe_inverse,B,2,0,20,1.25,984.84375
279,stage_ii,10,1,1,probe,B,2,0,20,1.25,986.09375
280,stage_ii,10,1,1,probe_inverse,F,2,0,20,1.25,987.34375
281,stage_ii,10,2,1,probe,L,2,0,20,1.25,988.59375
282,stage_ii,10,2,1,probe_inverse,R,2,0,20,1.25,989.84375
283,stage_ii,10,3,1,probe,R,2,0,20,1.25,991.09375
284,stage_ii,10,3,1,probe_inverse,L,2,0,20,1.25,992.34375
285,stage_ii,10,0,3,probe,F,0,0,20,5.000000000000001,997.34375
286,stage_ii,10,0,3,probe_inverse,B,0,0,20,5.000000000000001,1002.34375
287,stage_ii,10,1,3,probe,B,0,0,20,5.000000000000001,1007.34375
288,stage_ii,10,1,3,probe_inverse,F,0,0,20,5.000000000000001,1012.34375
289,stage_ii,10,2,3,probe,L,0,0,20,5.000000000000001,1017.34375
290,stage_ii,10,2,3,probe_inverse,R,0,0,20,5.000000000000001,1022.34375
291,stage_ii,10,3,3,probe,R,0,0,20,5.000000000000001,1027.34375
292,stage_ii,10,3,3,probe_inverse,L,0,0,20,5.000000000000001,1032.34375
293,stage_ii,10,0,4,probe,F,2,0,20,1.25,1033.59375
294,stage_ii,10,0,4,probe_inverse,B,2,0,20,1.25,1034.84375
295,stage_ii,10,1,4,probe,B,2,0,20,1.25,1036.09375
296,stage_ii,10,1,4,probe_inverse,F,2,0,20,1.25,1037.34375
297,stage_ii,10,2,4,probe,L,2,0,20,1.25,1038.59375
298,stage_ii,10,2,4,probe_inverse,R,2,0,20,1.25,1039.84375
299,stage_ii,10,3,4,probe,R,2,0,20,1.25,1041.09375
300,stage_ii,10,3,4,probe_inverse,L,2,0,20,1.25,1042.34375
301,stage_ii,10,0,6,probe,F,1,0,20,2.5,1044.84375
302,stage_ii,10,0,6,probe_inverse,B,1,0,20,2.5,1047.34375
303,stage_ii,10,1,6,probe,B,1,0,20,2.5,1049.84375
304,stage_ii,10,1,6,probe_inverse,F,1,0,20,2.5,1052.34375
305,stage_ii,10,2,6,probe,L,1,0,20,2.5,1054.84375
306,stage_ii,10,2,6,probe_inverse,R,1,0,20,2.5,1057.34375
307,stage_ii,10,3,6,probe,R,1,0,20,2.5,1059.84375
308,stage_ii,10,3,6,probe_inverse,L,1,0,20,2.5,1062.34375
309,stage_ii,10,0,7,probe,F,2,0,20,1.25,1063.59375
310,stage_ii,10,0,7,probe_inverse,B,2,0,20,1.25,1064.84375
311,stage_ii,10,1,7,probe,B,2,0,20,1.25,1066.09375
312,stage_ii,10,1,7,probe_inverse,F,2,0,20,1.25,1067.34375
313,stage_ii,10,2,7,probe,L,2,0,20,1.25,1068.59375
314,stage_ii,10,2,7,probe_inverse,R,2,0,20,1.25,1069.84375
315,stage_ii,10,3,7,probe,R,2,0,20,1.25,1071.09375
316,stage_ii,10,3,7,probe_inverse,L,2,0,20,1.25,1072.34375
317,stage_ii,10,0,9,probe,F,1,0,20,2.5,1074.84375
318,stage_ii,10,0,9,probe_inverse,B,1,0,20,2.5,1077.34375
319,stage_ii,10,1,9,probe,B,1,0,20,2.5,1079.84375
320,stage_ii,10,1,9,probe_inverse,F,1,0,20,2.5,1082.34375
321,stage_ii,10,2,9,probe,L,1,0,20,2.5,1084.84375
322,stage_ii,10,2,9,probe_inverse,R,1,0,20,2.5,1087.34375
323,stage_ii,10,3,9,probe,R,1,0,20,2.5,1089.84375
324,stage_ii,10,3,9,probe_inverse,L,1,0,20,2.5,1092.34375
325,stage_ii,10,-1,1,commit,F,2,1,21,1.25,1093.59375
326,stage_ii,10,-1,4,commit,L,2,1,22,1.25,1094.84375
327,stage_ii,10,-1,6,commit,B,1,1,23,2.5,1097.34375
328,stage_ii,10,-1,9,commit,L,1,1,24,2.5,1099.84375
329,stage_ii,11,0,1,probe,F,2,0,24,1.25,1101.09375
330,stage_ii,11,0,1,probe_inverse,B,2,0,24,1.25,1102.34375
331,stage_ii,11,1,1,probe,B,2,0,24,1.25,1103.59375
332,stage_ii,11,1,1,probe_inverse,F,2,0,24,1.25,1104.84375
333,stage_ii,11,2,1,probe,L,2,0,24,1.25,1106.09375
334,stage_ii,11,2,1,probe_inverse,R,2,0,24,1.25,1107.34375
335,stage_ii,11,3,1,probe,R,2,0,24,1.25,1108.59375
336,stage_ii,11,3,1,probe_inverse,L,2,0,24,1.25,1109.84375
337,stage_ii,11,0,3,probe,F,1,0,24,2.5000000000000004,1112.34375
338,stage_ii,11,0,3,probe_inverse,B,1,0,24,2.5000000000000004,1114.84375
339,stage_ii,11,1,3,probe,B,1,0,24,2.5000000000000004,1117.34375
340,stage_ii,11,1,3,probe_inverse,F,1,0,24,2.5000000000000004,1119.84375
341,stage_ii,11,2,3,probe,L,1,0,24,2.5000000000000004,1122.34375
342,stage_ii,11,2,3,probe_inverse,R,1,0,24,2.5000000000000004,1124.84375
343,stage_ii,11,3,3,probe,R,1,0,24,2.5000000000000004,1127.34375
344,stage_ii,11,3,3,probe_inverse,L,1,0,24,2.5000000000000004,1129.84375
345,stage_ii,11,0,4,probe,F,2,0,24,1.25,1131.09375
346,stage_ii,11,0,4,probe_inverse,B,2,0,24,1.25,1132.34375
347,stage_ii,11,1,4,probe,B,2,0,24,1.25,1133.59375
348,stage_ii,11,1,4,probe_inverse,F,2,0,24,1.25,1134.84375
349,stage_ii,11,2,4,probe,L,2,0,24,1.25,1136.09375
350,stage_ii,11,2,4,probe_inverse,R,2,0,24,1.25,1137.34375
351,stage_ii,11,3,4,probe,R,2,0,24,1.25,1138.59375
352,stage_ii,11,3,4,probe_inverse,L,2,0,24,1.25,1139.84375
353,stage_ii,11,0,6,probe,F,1,0,24,2.5,1142.34375
354,stage_ii,11,0,6,probe_inverse,B,1,0,24,2.5,1144.84375
355,stage_ii,11,1,6,probe,B,1,0,24,2.5,1147.34375
356,stage_ii,11,1,6,probe_inverse,F,1,0,24,2.5,1149.84375
357,stage_ii,11,2,6,probe,L,1,0,24,2.5,1152.34375
358,stage_ii,11,2,6,probe_inverse,R,1,0,24,2.5,1154.84375
359,stage_ii,11,3,6,probe,R,1,0,24,2.5,1157.34375
360,stage_ii,11,3,6,probe_inverse,L,1,0,24,2.5,1159.84375
361,stage_ii,11,0,7,probe,F,3,0,24,0.625,1160.46875
362,stage_ii,11,0,7,probe_inverse,B,3,0,24,0.625,1161.09375
363,stage_ii,11,1,7,probe,B,3,0,24,0.625,1161.71875
364,stage_ii,11,1,7,probe_inverse,F,3,0,24,0.625,1162.34375
365,stage_ii,11,2,7,probe,L,3,0,24,0.625,1162.96875
366,stage_ii,11,2,7,probe_inverse,R,3,0,24,0.625,1163.59375
367,stage_ii,11,3,7,probe,R,3,0,24,0.625,1164.21875
368,stage_ii,11,3,7,probe_inverse,L,3,0,24,0.625,1164.84375
369,stage_ii,11,0,9,probe,F,1,0,24,2.5,1167.34375
370,stage_ii,11,0,9,probe_inverse,B,1,0,24,2.5,1169.84375
371,stage_ii,11,1,9,probe,B,1,0,24,2.5,1172.34375
372,stage_ii,11,1,9,probe_inverse,F,1,0,24,2.5,1174.84375
373,stage_ii,11,2,9,probe,L,1,0,24,2.5,1177.34375
374,stage_ii,11,2,9,probe_inverse,R,1,0,24,2.5,1179.84375
375,stage_ii,11,3,9,probe,R,1,0,24,2.5,1182.34375
376,stage_ii,11,3,9,probe_inverse,L,1,0,24,2.5,1184.84375
377,stage_ii,11,-1,1,commit,R,2,1,25,1.25,1186.09375
378,stage_ii,11,-1,3,commit,R,1,1,26,2.5000000000000004,1188.59375
379,stage_ii,11,-1,4,commit,B,2,1,27,1.25,1189.84375
380,stage_ii,12,0,1,probe,F,2,0,27,1.25,1191.09375
381,stage_ii,12,0,1,probe_inverse,B,2,0,27,1.25,1192.34375
382,stage_ii,12,1,1,probe,B,2,0,27,1.25,1193.59375
383,stage_ii,12,1,1,probe_inverse,F,2,0,27,1.25,1194.84375
384,stage_ii,12,2,1,probe,L,2,0,27,1.25,1196.09375
385,stage_ii,12,2,1,probe_inverse,R,2,0,27,1.25,1197.34375
386,stage_ii,12,3,1,probe,R,2,0,27,1.25,1198.59375
387,stage_ii,12,3,1,probe_inverse,L,2,0,27,1.25,1199.84375
388,stage_ii,12,0,3,probe,F,1,0,27,2.5000000000000004,1202.34375
389,stage_ii,12,0,3,probe_inverse,B,1,0,27,2.5000000000000004,1204.84375
390,stage_ii,12,1,3,probe,B,1,0,27,2.5000000000000004,1207.34375
391,stage_ii,12,1,3,probe_inverse,F,1,0,27,2.5000000000000004,1209.84375
392,stage_ii,12,2,3,probe,L,1,0,27,2.5000000000000004,1212.34375
393,stage_ii,12,2,3,probe_inverse,R,1,0,27,2.5000000000000004,1214.84375
394,stage_ii,12,3,3,probe,R,1,0,27,2.5000000000000004,1217.34375
395,stage_ii,12,3,3,probe_inverse,L,1,0,27,2.5000000000000004,1219.84375
396,stage_ii,12,0,4,probe,F,2,0,27,1.25,1221.09375
397,stage_ii,12,0,4,probe_inverse,B,2,0,27,1.25,1222.34375
398,stage_ii,12,1,4,probe,B,2,0,27,1.25,1223.59375
399,stage_ii,12,1,4,probe_inverse,F,2,0,27,1.25,1224.84375
400,stage_ii,12,2,4,probe,L,2,0,27,1.25,1226.09375
401,stage_ii,12,2,4,probe_inverse,R,2,0,27,1.25,1227.34375
402,stage_ii,12,3,4,probe,R,2,0,27,1.25,1228.59375
403,stage_ii,12,3,4,probe_inverse,L,2,0,27,1.25,1229.84375
404,stage_ii,12,0,6,probe,F,2,0,27,1.25,1231.09375
405,stage_ii,12,0,6,probe_inverse,B,2,0,27,1.25,1232.34375
406,stage_ii,12,1,6,probe,B,2,0,27,1.25,1233.59375
407,stage_ii,12,1,6,probe_inverse,F,2,0,27,1.25,1234.84375
408,stage_ii,12,2,6,probe,L,2,0,27,1.25,1236.09375
409,stage_ii,12,2,6,probe_inverse,R,2,0,27,1.25,1237.34375
410,stage_ii,12,3,6,probe,R,2,0,27,1.25,1238.59375
411,stage_ii,12,3,6,probe_inverse,L,2,0,27,1.25,1239.84375
412,stage_ii,12,0,7,probe,F,4,0,27,0.3125,1240.15625
413,stage_ii,12,0,7,probe_inverse,B,4,0,27,0.3125,1240.46875
414,stage_ii,12,1,7,probe,B,4,0,27,0.3125,1240.78125
415,stage_ii,12,1,7,probe_inverse,F,4,0,27,0.3125,1241.09375
416,stage_ii,12,2,7,probe,L,4,0,27,0.3125,1241.40625
417,stage_ii,12,2,7,probe_inverse,R,4,0,27,0.3125,1241.71875
418,stage_ii,12,3,7,probe,R,4,0,27,0.3125,1242.03125
419,stage_ii,12,3,7,probe_inverse,L,4,0,27,0.3125,1242.34375
420,stage_ii,12,0,9,probe,F,2,0,27,1.25,1243.59375
421,stage_ii,12,0,9,probe_inverse,B,2,0,27,1.25,1244.84375
422,stage_ii,12,1,9,probe,B,2,0,27,1.25,1246.09375
423,stage_ii,12,1,9,probe_inverse,F,2,0,27,1.25,1247.34375
424,stage_ii,12,2,9,probe,L,2,0,27,1.25,1248.59375
425,stage_ii,12,2,9,probe_inverse,R,2,0,27,1.25,1249.84375
426,stage_ii,12,3,9,probe,R,2,0,27,1.25,1251.09375
427,stage_ii,12,3,9,probe_inverse,L,2,0,27,1.25,1252.34375
428,stage_ii,12,-1,3,commit,F,1,1,28,2.5000000000000004,1254.84375
429,stage_ii,12,-1,4,commit,B,2,1,29,1.25,1256.09375
430,stage_ii,12,-1,6,commit,R,2,1,30,1.25,1257.34375
431,stage_ii,12,-1,7,commit,L,4,1,31,0.3125,1257.65625
432,stage_ii,12,-1,9,commit,F,2,1,32,1.25,1258.90625
433,stage_ii,13,0,1,probe,F,3,0,32,0.6249999999999999,1259.53125
434,stage_ii,13,0,1,probe_inverse,B,3,0,32,0.6249999999999999,1260.15625
435,stage_ii,13,1,1,probe,B,3,0,32,0.6249999999999999,1260.78125
436,stage_ii,13,1,1,probe_inverse,F,3,0,32,0.6249999999999999,1261.40625
437,stage_ii,13,2,1,probe,L,3,0,32,0.6249999999999999,1262.03125
438,stage_ii,13,2,1,probe_inverse,R,3,0,32,0.6249999999999999,1262.65625
439,stage_ii,13,3,1,probe,R,3,0,32,0.6249999999999999,1263.28125
440,stage_ii,13,3,1,probe_inverse,L,3,0,32,0.6249999999999999,1263.90625
441,stage_ii,13,0,3,probe,F,1,0,32,2.5000000000000004,1266.40625
442,stage_ii,13,0,3,probe_inverse,B,1,0,32,2.5000000000000004,1268.90625
443,stage_ii,13,1,3,probe,B,1,0,32,2.5000000000000004,1271.40625
444,stage_ii,13,1,3,probe_inverse,F,1,0,32,2.5000000000000004,1273.90625
445,stage_ii,13,2,3,probe,L,1,0,32,2.5000000000000004,1276.40625
446,stage_ii,13,2,3,probe_inverse,R,1,0,32,2.5000000000000004,1278.90625
447,stage_ii,13,3,3,probe,R,1,0,32,2.5000000000000004,1281.40625
448,stage_ii,13,3,3,probe_inverse,L,1,0,32,2.5000000000000004,1283.90625
449,stage_ii,13,0,4,probe,F,2,0,32,1.25,1285.15625
450,stage_ii,13,0,4,probe_inverse,B,2,0,32,1.25,1286.40625
451,stage_ii,13,1,4,probe,B,2,0,32,1.25,1287.65625
452,stage_ii,13,1,4,probe_inverse,F,2,0,32,1.25,1288.90625
453,stage_ii,13,2,4,probe,L,2,0,32,1.25,1290.15625
454,stage_ii,13,2,4,probe_inverse,R,2,0,32,1.25,1291.40625
455,stage_ii,13,3,4,probe,R,2,0,32,1.25,1292.65625
456,stage_ii,13,3,4,probe_inverse,L,2,0,32,1.25,1293.90625
457,stage_ii,13,0,6,probe,F,2,0,32,1.25,1295.15625
458,stage_ii,13,0,6,probe_inverse,B,2,0,32,1.25,1296.40625
459,stage_ii,13,1,6,probe,B,2,0,32,1.25,1297.65625
460,stage_ii,13,1,6,probe_inverse,F,2,0,32,1.25,1298.90625
461,stage_ii,13,2,6,probe,L,2,0,32,1.25,1300.15625
462,stage_ii,13,2,6,probe_inverse,R,2,0,32,1.25,1301.40625
463,stage_ii,13,3,6,probe,R,2,0,32,1.25,1302.65625
464,stage_ii,13,3,6,probe_inverse,L,2,0,32,1.25,1303.90625
465,stage_ii,13,0,7,probe,F,4,0,32,0.3125,1304.21875
466,stage_ii,13,0,7,probe_inverse,B,4,0,32,0.3125,1304.53125
467,stage_ii,13,1,7,probe,B,4,0,32,0.3125,1304.84375
468,stage_ii,13,1,7,probe_inverse,F,4,0,32,0.3125,1305.15625
469,stage_ii,13,2,7,probe,L,4,0,32,0.3125,1305.46875
470,stage_ii,13,2,7,probe_inverse,R,4,0,32,0.3125,1305.78125
471,stage_ii,13,3,7,probe,R,4,0,32,0.3125,1306.09375
472,stage_ii,13,3,7,probe_inverse,L,4,0,32,0.3125,1306.40625
473,stage_ii,13,0,9,probe,F,2,0,32,1.25,1307.65625
474,stage_ii,13,0,9,probe_inverse,B,2,0,32,1.25,1308.90625
475,stage_ii,13,1,9,probe,B,2,0,32,1.25,1310.15625
476,stage_ii,13,1,9,probe_inverse,F,2,0,32,1.25,1311.40625
477,stage_ii,13,2,9,probe,L,2,0,32,1.25,1312.65625
478,stage_ii,13,2,9,probe_inverse,R,2,0,32,1.25,1313.90625
479,stage_ii,13,3,9,probe,R,2,0,32,1.25,1315.15625
480,stage_ii,13,3,9,probe_inverse,L,2,0,32,1.25,1316.40625
481,stage_ii,13,-1,1,commit,F,3,1,33,0.6249999999999999,1317.03125
482,stage_ii,13,-1,6,commit,B,2,1,34,1.25,1318.28125
483,stage_ii,13,-1,7,commit,F,4,1,35,0.3125,1318.59375
484,stage_ii,13,-1,9,commit,L,2,1,36,1.25,1319.84375
485,stage_ii,14,0,1,probe,F,3,0,36,0.6249999999999999,1320.46875
486,stage_ii,14,0,1,probe_inverse,B,3,0,36,0.6249999999999999,1321.09375
487,stage_ii,14,1,1,probe,B,3,0,36,0.6249999999999999,1321.71875
488,stage_ii,14,1,1,probe_inverse,F,3,0,36,0.6249999999999999,1322.34375
489,stage_ii,14,2,1,probe,L,3,0,36,0.6249999999999999,1322.96875
490,stage_ii,14,2,1,probe_inverse,R,3,0,36,0.6249999999999999,1323.59375
491,stage_ii,14,3,1,probe,R,3,0,36,0.6249999999999999,1324.21875
492,stage_ii,14,3,1,probe_inverse,L,3,0,36,0.6249999999999999,1324.84375
493,stage_ii,14,0,3,probe,F,2,0,36,1.25,1326.09375
494,stage_ii,14,0,3,probe_inverse,B,2,0,36,1.25,1327.34375
495,stage_ii,14,1,3,probe,B,2,0,36,1.25,1328.59375
496,stage_ii,14,1,3,probe_inverse,F,2,0,36,1.25,1329.84375
497,stage_ii,14,2,3,probe,L,2,0,36,1.25,1331.09375
498,stage_ii,14,2,3,probe_inverse,R,2,0,36,1.25,1332.34375
499,stage_ii,14,3,3,probe,R,2,0,36,1.25,1333.59375
500,stage_ii,14,3,3,probe_inverse,L,2,0,36,1.25,1334.84375
501,stage_ii,14,0,4,probe,F,3,0,36,0.625,1335.46875
502,stage_ii,14,0,4,probe_inverse,B,3,0,36,0.625,1336.09375
503,stage_ii,14,1,4,probe,B,3,0,36,0.625,1336.71875
504,stage_ii,14,1,4,probe_inverse,F,3,0,36,0.625,1337.34375
505,stage_ii,14,2,4,probe,L,3,0,36,0.625,1337.96875
506,stage_ii,14,2,4,probe_inverse,R,3,0,36,0.625,1338.59375
507,stage_ii,14,3,4,probe,R,3,0,36,0.625,1339.21875
508,stage_ii,14,3,4,probe_inverse,L,3,0,36,0.625,1339.84375
509,stage_ii,14,0,6,probe,F,2,0,36,1.25,1341.09375
510,stage_ii,14,0,6,probe_inverse,B,2,0,36,1.25,1342.34375
511,stage_ii,14,1,6,probe,B,2,0,36,1.25,1343.59375
512,stage_ii,14,1,6,probe_inverse,F,2,0,36,1.25,1344.84375
513,stage_ii,14,2,6,probe,L,2,0,36,1.25,1346.09375
514,stage_ii,14,2,6,probe_inverse,R,2,0,36,1.25,1347.34375
515,stage_ii,14,3,6,probe,R,2,0,36,1.25,1348.59375
516,stage_ii,14,3,6,probe_inverse,L,2,0,36,1.25,1349.84375
517,stage_ii,14,0,7,probe,F,4,0,36,0.3125,1350.15625
518,stage_ii,14,0,7,probe_inverse,B,4,0,36,0.3125,1350.46875
519,stage_ii,14,1,7,probe,B,4,0,36,0.3125,1350.78125
520,stage_ii,14,1,7,probe_inverse,F,4,0,36,0.3125,1351.09375
521,stage_ii,14,2,7,probe,L,4,0,36,0.3125,1351.40625
522,stage_ii,14,2,7,probe_inverse,R,4,0,36,0.3125,1351.71875
523,stage_ii,14,3,7,probe,R,4,0,36,0.3125,1352.03125
524,stage_ii,14,3,7,probe_inverse,L,4,0,36,0.3125,1352.34375
525,stage_ii,14,0,9,probe,F,2,0,36,1.25,1353.59375
526,stage_ii,14,0,9,probe_inverse,B,2,0,36,1.25,1354.84375
527,stage_ii,14,1,9,probe,B,2,0,36,1.25,1356.09375
528,stage_ii,14,1,9,probe_inverse,F,2,0,36,1.25,1357.34375
529,stage_ii,14,2,9,probe,L,2,0,36,1.25,1358.59375
530,stage_ii,14,2,9,probe_inverse,R,2,0,36,1.25,1359.84375
531,stage_ii,14,3,9,probe,R,2,0,36,1.25,1361.09375
532,stage_ii,14,3,9,probe_inverse,L,2,0,36,1.25,1362.34375
533,stage_ii,14,-1,1,commit,R,3,1,37,0.6249999999999999,1362.96875
534,stage_ii,14,-1,3,commit,B,2,1,38,1.25,1364.21875
535,stage_ii,14,-1,4,commit,F,3,1,39,0.625,1364.84375
536,stage_ii,14,-1,7,commit,F,4,1,40,0.3125,1365.15625
537,stage_ii,15,0,3,probe,F,2,0,40,1.25,1366.40625
538,stage_ii,15,0,3,probe_inverse,B,2,0,40,1.25,1367.65625
539,stage_ii,15,1,3,probe,B,2,0,40,1.25,1368.90625
540,stage_ii,15,1,3,probe_inverse,F,2,0,40,1.25,1370.15625
541,stage_ii,15,2,3,probe,L,2,0,40,1.25,1371.40625
542,stage_ii,15,2,3,probe_inverse,R,2,0,40,1.25,1372.65625
543,stage_ii,15,3,3,probe,R,2,0,40,1.25,1373.90625
544,stage_ii,15,3,3,probe_inverse,L,2,0,40,1.25,1375.15625
545,stage_ii,15,0,4,probe,F,3,0,40,0.625,1375.78125
546,stage_ii,15,0,4,probe_inverse,B,3,0,40,0.625,1376.40625
547,stage_ii,15,1,4,probe,B,3,0,40,0.625,1377.03125
548,stage_ii,15,1,4,probe_inverse,F,3,0,40,0.625,1377.65625
549,stage_ii,15,2,4,probe,L,3,0,40,0.625,1378.28125
550,stage_ii,15,2,4,probe_inverse,R,3,0,40,0.625,1378.90625
551,stage_ii,15,3,4,probe,R,3,0,40,0.625,1379.53125
552,stage_ii,15,3,4,probe_inverse,L,3,0,40,0.625,1380.15625
553,stage_ii,15,0,6,probe,F,3,0,40,0.625,1380.78125
554,stage_ii,15,0,6,probe_inverse,B,3,0,40,0.625,1381.40625
555,stage_ii,15,1,6,probe,B,3,0,40,0.625,1382.03125
556,stage_ii,15,1,6,probe_inverse,F,3,0,40,0.625,1382.65625
557,stage_ii,15,2,6,probe,L,3,0,40,0.625,1383.28125
558,stage_ii,15,2,6,probe_inverse,R,3,0,40,0.625,1383.90625
559,stage_ii,15,3,6,probe,R,3,0,40,0.625,1384.53125
560,stage_ii,15,3,6,probe_inverse,L,3,0,40,0.625,1385.15625
561,stage_ii,15,0,7,probe,F,4,0,40,0.3125,1385.46875
562,stage_ii,15,0,7,probe_inverse,B,4,0,40,0.3125,1385.78125
563,stage_ii,15,1,7,probe,B,4,0,40,0.3125,1386.09375
564,stage_ii,15,1,7,probe_inverse,F,4,0,40,0.3125,1386.40625
565,stage_ii,15,2,7,probe,L,4,0,40,0.3125,1386.71875
566,stage_ii,15,2,7,probe_inverse,R,4,0,40,0.3125,1387.03125
567,stage_ii,15,3,7,probe,R,4,0,40,0.3125,1387.34375
568,stage_ii,15,3,7,probe_inverse,L,4,0,40,0.3125,1387.65625
569,stage_ii,15,0,9,probe,F,3,0,40,0.625,1388.28125
570,stage_ii,15,0,9,probe_inverse,B,3,0,40,0.625,1388.90625
571,stage_ii,15,1,9,probe,B,3,0,40,0.625,1389.53125
572,stage_ii,15,1,9,probe_inverse,F,3,0,40,0.625,1390.15625
573,stage_ii,15,2,9,probe,L,3,0,40,0.625,1390.78125
574,stage_ii,15,2,9,probe_inverse,R,3,0,40,0.625,1391.40625
575,stage_ii,15,3,9,probe,R,3,0,40,0.625,1392.03125
576,stage_ii,15,3,9,probe_inverse,L,3,0,40,0.625,1392.65625
577,stage_ii,15,-1,6,commit,F,3,1,41,0.625,1393.28125
578,stage_ii,15,-1,7,commit,L,4,1,42,0.3125,1393.59375
579,stage_ii,16,0,3,probe,F,3,0,42,0.625,1394.21875
580,stage_ii,16,0,3,probe_inverse,B,3,0,42,0.625,1394.84375
581,stage_ii,16,1,3,probe,B,3,0,42,0.625,1395.46875
582,stage_ii,16,1,3,probe_inverse,F,3,0,42,0.625,1396.09375
583,stage_ii,16,2,3,probe,L,3,0,42,0.625,1396.71875
584,stage_ii,16,2,3,probe_inverse,R,3,0,42,0.625,1397.34375
585,stage_ii,16,3,3,probe,R,3,0,42,0.625,1397.96875
586,stage_ii,16,3,3,probe_inverse,L,3,0,42,0.625,1398.59375
587,stage_ii,16,0,4,probe,F,4,0,42,0.31249999999999994,1398.90625
588,stage_ii,16,0,4,probe_inverse,B,4,0,42,0.31249999999999994,1399.21875
589,stage_ii,16,1,4,probe,B,4,0,42,0.31249999999999994,1399.53125
590,stage_ii,16,1,4,probe_inverse,F,4,0,42,0.31249999999999994,1399.84375
591,stage_ii,16,2,4,probe,L,4,0,42,0.31249999999999994,1400.15625
592,stage_ii,16,2,4,probe_inverse,R,4,0,42,0.31249999999999994,1400.46875
593,stage_ii,16,3,4,probe,R,4,0,42,0.31249999999999994,1400.78125
594,stage_ii,16,3,4,probe_inverse,L,4,0,42,0.31249999999999994,1401.09375
595,stage_ii,16,0,6,probe,F,3,0,42,0.625,1401.71875
596,stage_ii,16,0,6,probe_inverse,B,3,0,42,0.625,1402.34375
597,stage_ii,16,1,6,probe,B,3,0,42,0.625,1402.96875
598,stage_ii,16,1,6,probe_inverse,F,3,0,42,0.625,1403.59375
599,stage_ii,16,2,6,probe,L,3,0,42,0.625,1404.21875
600,stage_ii,16,2,6,probe_inverse,R,3,0,42,0.625,1404.84375
601,stage_ii,16,3,6,probe,R,3,0,42,0.625,1405.46875
602,stage_ii,16,3,6,probe_inverse,L,3,0,42,0.625,1406.09375
603,stage_ii,16,0,7,probe,F,4,0,42,0.3125,1406.40625
604,stage_ii,16,0,7,probe_inverse,B,4,0,42,0.3125,1406.71875
605,stage_ii,16,1,7,probe,B,4,0,42,0.3125,1407.03125
606,stage_ii,16,1,7,probe_inverse,F,4,0,42,0.3125,1407.34375
607,stage_ii,16,2,7,probe,L,4,0,42,0.3125,1407.65625
608,stage_ii,16,2,7,probe_inverse,R,4,0,42,0.3125,1407.96875
609,stage_ii,16,3,7,probe,R,4,0,42,0.3125,1408.28125
610,stage_ii,16,3,7,probe_inverse,L,4,0,42,0.3125,1408.59375
611,stage_ii,16,0,9,probe,F,4,0,42,0.3125,1408.90625
612,stage_ii,16,0,9,probe_inverse,B,4,0,42,0.3125,1409.21875
613,stage_ii,16,1,9,probe,B,4,0,42,0.3125,1409.53125
614,stage_ii,16,1,9,probe_inverse,F,4,0,42,0.3125,1409.84375
615,stage_ii,16,2,9,probe,L,4,0,42,0.3125,1410.15625
616,stage_ii,16,2,9,probe_inverse,R,4,0,42,0.3125,1410.46875
617,stage_ii,16,3,9,probe,R,4,0,42,0.3125,1410.78125
618,stage_ii,16,3,9,probe_inverse,L,4,0,42,0.3125,1411.09375
619,stage_ii,16,-1,3,commit,F,3,1,43,0.625,1411.71875
620,stage_ii,16,-1,7,commit,F,4,1,44,0.3125,1412.03125
621,stage_ii,16,-1,9,commit,F,4,1,45,0.3125,1412.34375
622,stage_ii,17,0,3,probe,F,3,0,45,0.625,1412.96875
623,stage_ii,17,0,3,probe_inverse,B,3,0,45,0.625,1413.59375
624,stage_ii,17,1,3,probe,B,3,0,45,0.625,1414.21875
625,stage_ii,17,1,3,probe_inverse,F,3,0,45,0.625,1414.84375
626,stage_ii,17,2,3,probe,L,3,0,45,0.625,1415.46875
627,stage_ii,17,2,3,probe_inverse,R,3,0,45,0.625,1416.09375
628,stage_ii,17,3,3,probe,R,3,0,45,0.625,1416.71875
629,stage_ii,17,3,3,probe_inverse,L,3,0,45,0.625,1417.34375
630,stage_ii,17,0,4,probe,F,5,0,45,0.15624999999999992,1417.5
631,stage_ii,17,0,4,probe_inverse,B,5,0,45,0.15624999999999992,1417.65625
632,stage_ii,17,1,4,probe,B,5,0,45,0.15624999999999992,1417.8125
633,stage_ii,17,1,4,probe_inverse,F,5,0,45,0.15624999999999992,1417.96875
634,stage_ii,17,2,4,probe,L,5,0,45,0.15624999999999992,1418.125
635,stage_ii,17,2,4,probe_inverse,R,5,0,45,0.15624999999999992,1418.28125
636,stage_ii,17,3,4,probe,R,5,0,45,0.15624999999999992,1418.4375
637,stage_ii,17,3,4,probe_inverse,L,5,0,45,0.15624999999999992,1418.59375
638,stage_ii,17,0,6,probe,F,4,0,45,0.3125,1418.90625
639,stage_ii,17,0,6,probe_inverse,B,4,0,45,0.3125,1419.21875
640,stage_ii,17,1,6,probe,B,4,0,45,0.3125,1419.53125
641,stage_ii,17,1,6,probe_inverse,F,4,0,45,0.3125,1419.84375
642,stage_ii,17,2,6,probe,L,4,0,45,0.3125,1420.15625
643,stage_ii,17,2,6,probe_inverse,R,4,0,45,0.3125,1420.46875
644,stage_ii,17,3,6,probe,R,4,0,45,0.3125,1420.78125
645,stage_ii,17,3,6,probe_inverse,L,4,0,45,0.3125,1421.09375
646,stage_ii,17,0,7,probe,F,4,0,45,0.3125,1421.40625
647,stage_ii,17,0,7,probe_inverse,B,4,0,45,0.3125,1421.71875
648,stage_ii,17,1,7,probe,B,4,0,45,0.3125,1422.03125
649,stage_ii,17,1,7,probe_inverse,F,4,0,45,0.3125,1422.34375
650,stage_ii,17,2,7,probe,L,4,0,45,0.3125,1422.65625
651,stage_ii,17,2,7,probe_inverse,R,4,0,45,0.3125,1422.96875
652,stage_ii,17,3,7,probe,R,4,0,45,0.3125,1423.28125
653,stage_ii,17,3,7,probe_inverse,L,4,0,45,0.3125,1423.59375
654,stage_ii,17,0,9,probe,F,4,0,45,0.3125,1423.90625
655,stage_ii,17,0,9,probe_inverse,B,4,0,45,0.3125,1424.21875
656,stage_ii,17,1,9,probe,B,4,0,45,0.3125,1424.53125
657,stage_ii,17,1,9,probe_inverse,F,4,0,45,0.3125,1424.84375
658,stage_ii,17,2,9,probe,L,4,0,45,0.3125,1425.15625
659,stage_ii,17,2,9,probe_inverse,R,4,0,45,0.3125,1425.46875
660,stage_ii,17,3,9,probe,R,4,0,45,0.3125,1425.78125
661,stage_ii,17,3,9,probe_inverse,L,4,0,45,0.3125,1426.09375
662,stage_ii,17,-1,3,commit,R,3,1,46,0.625,1426.71875
663,stage_ii,17,-1,4,commit,L,5,1,47,0.15624999999999992,1426.875
664,stage_ii,17,-1,6,commit,B,4,1,48,0.3125,1427.1875
665,stage_ii,17,-1,9,commit,L,4,1,49,0.3125,1427.5
666,stage_ii,18,0,3,probe,F,3,0,49,0.625,1428.125
667,stage_ii,18,0,3,probe_inverse,B,3,0,49,0.625,1428.75
668,stage_ii,18,1,3,probe,B,3,0,49,0.625,1429.375
669,stage_ii,18,1,3,probe_inverse,F,3,0,49,0.625,1430.0
670,stage_ii,18,2,3,probe,L,3,0,49,0.625,1430.625
671,stage_ii,18,2,3,probe_inverse,R,3,0,49,0.625,1431.25
672,stage_ii,18,3,3,probe,R,3,0,49,0.625,1431.875
673,stage_ii,18,3,3,probe_inverse,L,3,0,49,0.625,1432.5
674,stage_ii,18,0,4,probe,F,5,0,49,0.15624999999999992,1432.65625
675,stage_ii,18,0,4,probe_inverse,B,5,0,49,0.15624999999999992,1432.8125
676,stage_ii,18,1,4,probe,B,5,0,49,0.15624999999999992,1432.96875
677,stage_ii,18,1,4,probe_inverse,F,5,0,49,0.15624999999999992,1433.125
678,stage_ii,18,2,4,probe,L,5,0,49,0.15624999999999992,1433.28125
679,stage_ii,18,2,4,probe_inverse,R,5,0,49,0.15624999999999992,1433.4375
680,stage_ii,18,3,4,probe,R,5,0,49,0.15624999999999992,1433.59375
681,stage_ii,18,3,4,probe_inverse,L,5,0,49,0.15624999999999992,1433.75
682,stage_ii,18,0,6,probe,F,4,0,49,0.3125,1434.0625
683,stage_ii,18,0,6,probe_inverse,B,4,0,49,0.3125,1434.375
684,stage_ii,18,1,6,probe,B,4,0,49,0.3125,1434.6875
685,stage_ii,18,1,6,probe_inverse,F,4,0,49,0.3125,1435.0
686,stage_ii,18,2,6,probe,L,4,0,49,0.3125,1435.3125
687,stage_ii,18,2,6,probe_inverse,R,4,0,49,0.3125,1435.625
688,stage_ii,18,3,6,probe,R,4,0,49,0.3125,1435.9375
689,stage_ii,18,3,6,probe_inverse,L,4,0,49,0.3125,1436.25
690,stage_ii,18,0,7,probe,F,5,0,49,0.15625,1436.40625
691,stage_ii,18,0,7,probe_inverse,B,5,0,49,0.15625,1436.5625
692,stage_ii,18,1,7,probe,B,5,0,49,0.15625,1436.71875
693,stage_ii,18,1,7,probe_inverse,F,5,0,49,0.15625,1436.875
694,stage_ii,18,2,7,probe,L,5,0,49,0.15625,1437.03125
695,stage_ii,18,2,7,probe_inverse,R,5,0,49,0.15625,1437.1875
696,stage_ii,18,3,7,probe,R,5,0,49,0.15625,1437.34375
697,stage_ii,18,3,7,probe_inverse,L,5,0,49,0.15625,1437.5
698,stage_ii,18,0,9,probe,F,4,0,49,0.3125,1437.8125
699,stage_ii,18,0,9,probe_inverse,B,4,0,49,0.3125,1438.125
700,stage_ii,18,1,9,probe,B,4,0,49,0.3125,1438.4375
701,stage_ii,18,1,9,probe_inverse,F,4,0,49,0.3125,1438.75
702,stage_ii,18,2,9,probe,L,4,0,49,0.3125,1439.0625
703,stage_ii,18,2,9,probe_inverse,R,4,0,49,0.3125,1439.375
704,stage_ii,18,3,9,probe,R,4,0,49,0.3125,1439.6875
705,stage_ii,18,3,9,probe_inverse,L,4,0,49,0.3125,1440.0
706,stage_ii,18,-1,3,commit,F,3,1,50,0.625,1440.625
707,stage_ii,18,-1,4,commit,B,5,1,51,0.15624999999999992,1440.78125
708,stage_ii,18,-1,7,commit,L,5,1,52,0.15625,1440.9375
709,stage_ii,18,-1,9,commit,L,4,1,53,0.3125,1441.25
710,stage_ii,19,0,4,probe,F,5,0,53,0.15624999999999992,1441.40625
711,stage_ii,19,0,4,probe_inverse,B,5,0,53,0.15624999999999992,1441.5625
712,stage_ii,19,1,4,probe,B,5,0,53,0.15624999999999992,1441.71875
713,stage_ii,19,1,4,probe_inverse,F,5,0,53,0.15624999999999992,1441.875
714,stage_ii,19,2,4,probe,L,5,0,53,0.15624999999999992,1442.03125
715,stage_ii,19,2,4,probe_inverse,R,5,0,53,0.15624999999999992,1442.1875
716,stage_ii,19,3,4,probe,R,5,0,53,0.15624999999999992,1442.34375
717,stage_ii,19,3,4,probe_inverse,L,5,0,53,0.15624999999999992,1442.5
718,stage_ii,19,0,6,probe,F,5,0,53,0.15625,1442.65625
719,stage_ii,19,0,6,probe_inverse,B,5,0,53,0.15625,1442.8125
720,stage_ii,19,1,6,probe,B,5,0,53,0.15625,1442.96875
721,stage_ii,19,1,6,probe_inverse,F,5,0,53,0.15625,1443.125
722,stage_ii,19,2,6,probe,L,5,0,53,0.15625,1443.28125
723,stage_ii,19,2,6,probe_inverse,R,5,0,53,0.15625,1443.4375
724,stage_ii,19,3,6,probe,R,5,0,53,0.15625,1443.59375
725,stage_ii,19,3,6,probe_inverse,L,5,0,53,0.15625,1443.75
726,stage_ii,19,0,7,probe,F,5,0,53,0.15625,1443.90625
727,stage_ii,19,0,7,probe_inverse,B,5,0,53,0.15625,1444.0625
728,stage_ii,19,1,7,probe,B,5,0,53,0.15625,1444.21875
729,stage_ii,19,1,7,probe_inverse,F,5,0,53,0.15625,1444.375
730,stage_ii,19,2,7,probe,L,5,0,53,0.15625,1444.53125
731,stage_ii,19,2,7,probe_inverse,R,5,0,53,0.15625,1444.6875
732,stage_ii,19,3,7,probe,R,5,0,53,0.15625,1444.84375
733,stage_ii,19,3,7,probe_inverse,L,5,0,53,0.15625,1445.0
734,stage_ii,19,0,9,probe,F,4,0,53,0.3125,1445.3125
735,stage_ii,19,0,9,probe_inverse,B,4,0,53,0.3125,1445.625
736,stage_ii,19,1,9,probe,B,4,0,53,0.3125,1445.9375
737,stage_ii,19,1,9,probe_inverse,F,4,0,53,0.3125,1446.25
738,stage_ii,19,2,9,probe,L,4,0,53,0.3125,1446.5625
739,stage_ii,19,2,9,probe_inverse,R,4,0,53,0.3125,1446.875
740,stage_ii,19,3,9,probe,R,4,0,53,0.3125,1447.1875
741,stage_ii,19,3,9,probe_inverse,L,4,0,53,0.3125,1447.5
742,stage_ii,19,-1,4,commit,B,5,1,54,0.15624999999999992,1447.65625
743,stage_ii,19,-1,6,commit,R,5,1,55,0.15625,1447.8125
744,stage_ii,19,-1,7,commit,F,5,1,56,0.15625,1447.96875
745,stage_ii,19,-1,9,commit,F,4,1,57,0.3125,1448.28125
746,stage_ii,20,0,4,probe,F,5,0,57,0.15624999999999992,1448.4375
747,stage_ii,20,0,4,probe_inverse,B,5,0,57,0.15624999999999992,1448.59375
748,stage_ii,20,1,4,probe,B,5,0,57,0.15624999999999992,1448.75
749,stage_ii,20,1,4,probe_inverse,F,5,0,57,0.15624999999999992,1448.90625
750,stage_ii,20,2,4,probe,L,5,0,57,0.15624999999999992,1449.0625
751,stage_ii,20,2,4,probe_inverse,R,5,0,57,0.15624999999999992,1449.21875
752,stage_ii,20,3,4,probe,R,5,0,57,0.15624999999999992,1449.375
753,stage_ii,20,3,4,probe_inverse,L,5,0,57,0.15624999999999992,1449.53125
754,stage_ii,20,0,6,probe,F,5,0,57,0.15625,1449.6875
755,stage_ii,20,0,6,probe_inverse,B,5,0,57,0.15625,1449.84375
756,stage_ii,20,1,6,probe,B,5,0,57,0.15625,1450.0
757,stage_ii,20,1,6,probe_inverse,F,5,0,57,0.15625,1450.15625
758,stage_ii,20,2,6,probe,L,5,0,57,0.15625,1450.3125
759,stage_ii,20,2,6,probe_inverse,R,5,0,57,0.15625,1450.46875
760,stage_ii,20,3,6,probe,R,5,0,57,0.15625,1450.625
761,stage_ii,20,3,6,probe_inverse,L,5,0,57,0.15625,1450.78125
762,stage_ii,20,0,9,probe,F,4,0,57,0.3125,1451.09375
763,stage_ii,20,0,9,probe_inverse,B,4,0,57,0.3125,1451.40625
764,stage_ii,20,1,9,probe,B,4,0,57,0.3125,1451.71875
765,stage_ii,20,1,9,probe_inverse,F,4,0,57,0.3125,1452.03125
766,stage_ii,20,2,9,probe,L,4,0,57,0.3125,1452.34375
767,stage_ii,20,2,9,probe_inverse,R,4,0,57,0.3125,1452.65625
768,stage_ii,20,3,9,probe,R,4,0,57,0.3125,1452.96875
769,stage_ii,20,3,9,probe_inverse,L,4,0,57,0.3125,1453.28125
770,stage_ii,20,-1,6,commit,B,5,1,58,0.15625,1453.4375
771,stage_ii,20,-1,9,commit,L,4,1,59,0.3125,1453.75
772,stage_ii,21,0,4,probe,F,6,0,59,0.07812499999999993,1453.828125
773,stage_ii,21,0,4,probe_inverse,B,6,0,59,0.07812499999999993,1453.90625
774,stage_ii,21,1,4,probe,B,6,0,59,0.07812499999999993,1453.984375
775,stage_ii,21,1,4,probe_inverse,F,6,0,59,0.07812499999999993,1454.0625
776,stage_ii,21,2,4,probe,L,6,0,59,0.07812499999999993,1454.140625
777,stage_ii,21,2,4,probe_inverse,R,6,0,59,0.07812499999999993,1454.21875
778,stage_ii,21,3,4,probe,R,6,0,59,0.07812499999999993,1454.296875
779,stage_ii,21,3,4,probe_inverse,L,6,0,59,0.07812499999999993,1454.375
780,stage_ii,21,0,6,probe,F,5,0,59,0.15625,1454.53125
781,stage_ii,21,0,6,probe_inverse,B,5,0,59,0.15625,1454.6875
782,stage_ii,21,1,6,probe,B,5,0,59,0.15625,1454.84375
783,stage_ii,21,1,6,probe_inverse,F,5,0,59,0.15625,1455.0
784,stage_ii,21,2,6,probe,L,5,0,59,0.15625,1455.15625
785,stage_ii,21,2,6,probe_inverse,R,5,0,59,0.15625,1455.3125
786,stage_ii,21,3,6,probe,R,5,0,59,0.15625,1455.46875
787,stage_ii,21,3,6,probe_inverse,L,5,0,59,0.15625,1455.625
788,stage_ii,21,0,9,probe,F,4,0,59,0.3125,1455.9375
789,stage_ii,21,0,9,probe_inverse,B,4,0,59,0.3125,1456.25
790,stage_ii,21,1,9,probe,B,4,0,59,0.3125,1456.5625
791,stage_ii,21,1,9,probe_inverse,F,4,0,59,0.3125,1456.875
792,stage_ii,21,2,9,probe,L,4,0,59,0.3125,1457.1875
793,stage_ii,21,2,9,probe_inverse,R,4,0,59,0.3125,1457.5
794,stage_ii,21,3,9,probe,R,4,0,59,0.3125,1457.8125
795,stage_ii,21,3,9,probe_inverse,L,4,0,59,0.3125,1458.125
796,stage_ii,21,-1,4,commit,L,6,1,60,0.07812499999999993,1458.203125
797,stage_ii,21,-1,9,commit,L,4,1,61,0.3125,1458.515625
798,stage_ii,22,0,4,probe,F,6,0,61,0.07812499999999993,1458.59375
799,stage_ii,22,0,4,probe_inverse,B,6,0,61,0.07812499999999993,1458.671875
800,stage_ii,22,1,4,probe,B,6,0,61,0.07812499999999993,1458.75
801,stage_ii,22,1,4,probe_inverse,F,6,0,61,0.07812499999999993,1458.828125
802,stage_ii,22,2,4,probe,L,6,0,61,0.07812499999999993,1458.90625
803,stage_ii,22,2,4,probe_inverse,R,6,0,61,0.07812499999999993,1458.984375
804,stage_ii,22,3,4,probe,R,6,0,61,0.07812499999999993,1459.0625
805,stage_ii,22,3,4,probe_inverse,L,6,0,61,0.07812499999999993,1459.140625
806,stage_ii,22,0,6,probe,F,6,0,61,0.078125,1459.21875
807,stage_ii,22,0,6,probe_inverse,B,6,0,61,0.078125,1459.296875
808,stage_ii,22,1,6,probe,B,6,0,61,0.078125,1459.375
809,stage_ii,22,1,6,probe_inverse,F,6,0,61,0.078125,1459.453125
810,stage_ii,22,2,6,probe,L,6,0,61,0.078125,1459.53125
811,stage_ii,22,2,6,probe_inverse,R,6,0,61,0.078125,1459.609375
812,stage_ii,22,3,6,probe,R,6,0,61,0.078125,1459.6875
813,stage_ii,22,3,6,probe_inverse,L,6,0,61,0.078125,1459.765625
814,stage_ii,22,0,9,probe,F,4,0,61,0.3125,1460.078125
815,stage_ii,22,0,9,probe_inverse,B,4,0,61,0.3125,1460.390625
816,stage_ii,22,1,9,probe,B,4,0,61,0.3125,1460.703125
817,stage_ii,22,1,9,probe_inverse,F,4,0,61,0.3125,1461.015625
818,stage_ii,22,2,9,probe,L,4,0,61,0.3125,1461.328125
819,stage_ii,22,2,9,probe_inverse,R,4,0,61,0.3125,1461.640625
820,stage_ii,22,3,9,probe,R,4,0,61,0.3125,1461.953125
821,stage_ii,22,3,9,probe_inverse,L,4,0,61,0.3125,1462.265625
822,stage_ii,22,-1,4,commit,B,6,1,62,0.07812499999999993,1462.34375
823,stage_ii,22,-1,6,commit,B,6,1,63,0.078125,1462.421875
824,stage_ii,23,0,6,probe,F,6,0,63,0.078125,1462.5
825,stage_ii,23,0,6,probe_inverse,B,6,0,63,0.078125,1462.578125
826,stage_ii,23,1,6,probe,B,6,0,63,0.078125,1462.65625
827,stage_ii,23,1,6,probe_inverse,F,6,0,63,0.078125,1462.734375
828,stage_ii,23,2,6,probe,L,6,0,63,0.078125,1462.8125
829,stage_ii,23,2,6,probe_inverse,R,6,0,63,0.078125,1462.890625
830,stage_ii,23,3,6,probe,R,6,0,63,0.078125,1462.96875
831,stage_ii,23,3,6,probe_inverse,L,6,0,63,0.078125,1463.046875
832,stage_ii,23,0,9,probe,F,5,0,63,0.15624999999999997,1463.203125
833,stage_ii,23,0,9,probe_inverse,B,5,0,63,0.15624999999999997,1463.359375
834,stage_ii,23,1,9,probe,B,5,0,63,0.15624999999999997,1463.515625
835,stage_ii,23,1,9,probe_inverse,F,5,0,63,0.15624999999999997,1463.671875
836,stage_ii,23,2,9,probe,L,5,0,63,0.15624999999999997,1463.828125
837,stage_ii,23,2,9,probe_inverse,R,5,0,63,0.15624999999999997,1463.984375
838,stage_ii,23,3,9,probe,R,5,0,63,0.15624999999999997,1464.140625
839,stage_ii,23,3,9,probe_inverse,L,5,0,63,0.15624999999999997,1464.296875
840,stage_ii,23,-1,6,commit,R,6,1,64,0.078125,1464.375
841,stage_ii,23,-1,9,commit,F,5,1,65,0.15624999999999997,1464.53125
842,stage_ii,24,0,9,probe,F,5,0,65,0.15624999999999997,1464.6875
843,stage_ii,24,0,9,probe_inverse,B,5,0,65,0.15624999999999997,1464.84375
844,stage_ii,24,1,9,probe,B,5,0,65,0.15624999999999997,1465.0
845,stage_ii,24,1,9,probe_inverse,F,5,0,65,0.15624999999999997,1465.15625
846,stage_ii,24,2,9,probe,L,5,0,65,0.15624999999999997,1465.3125
847,stage_ii,24,2,9,probe_inverse,R,5,0,65,0.15624999999999997,1465.46875
848,stage_ii,24,3,9,probe,R,5,0,65,0.15624999999999997,1465.625
849,stage_ii,24,3,9,probe_inverse,L,5,0,65,0.15624999999999997,1465.78125
850,stage_ii,24,-1,9,commit,L,5,1,66,0.15624999999999997,1465.9375
